image_id,click_id,x,y,coordinate_width,coordinate_height,image_x,image_y,is_positive,image_width,image_height
image_001,image_001_click_01,810,1043,1638,2048,1564.586385836386,2014.14794921875,1,3163,3954
image_001,image_001_click_02,825,1015,1638,2048,1593.5515873015872,1960.08935546875,1,3163,3954
image_001,image_001_click_03,874,1057,1638,2048,1688.1712454212454,2041.17724609375,1,3163,3954
image_001,image_001_click_04,813,984,1638,2048,1570.379426129426,1900.23876953125,1,3163,3954
image_001,image_001_click_05,846,1029,1638,2048,1634.1028693528694,1987.11865234375,1,3163,3954
image_001,image_001_click_06,800,1066,1638,2048,1545.2762515262516,2058.55322265625,1,3163,3954
image_001,image_001_click_07,869,1005,1638,2048,1678.5161782661783,1940.78271484375,1,3163,3954
image_001,image_001_click_08,849,923,1638,2048,1639.8959096459096,1782.46826171875,1,3163,3954
image_001,image_001_click_09,827,999,1638,2048,1597.413614163614,1929.19873046875,1,3163,3954
image_001,image_001_click_10,838,1029,1638,2048,1618.654761904762,1987.11865234375,1,3163,3954
image_001,image_001_click_11,842,1034,1638,2048,1626.3788156288156,1996.77197265625,1,3163,3954
image_001,image_001_click_12,888,1087,1638,2048,1715.2054334554334,2099.09716796875,1,3163,3954
image_001,image_001_click_13,946,1071,1638,2048,1827.2042124542124,2068.20654296875,1,3163,3954
image_001,image_001_click_14,891,1046,1638,2048,1720.9984737484738,2019.93994140625,1,3163,3954
image_001,image_001_click_15,838,1073,1638,2048,1618.654761904762,2072.06787109375,1,3163,3954
image_002,image_002_click_01,669,1133,1367,2048,2405.1942209217264,4073.015625,1,4912,7360
image_002,image_002_click_02,671,1223,1367,2048,2412.380760790051,4396.453125,1,4912,7360
image_002,image_002_click_03,689,1213,1367,2048,2477.0596196049746,4360.515625,1,4912,7360
image_002,image_002_click_04,709,1223,1367,2048,2548.9250182882224,4396.453125,1,4912,7360
image_002,image_002_click_05,668,1199,1367,2048,2401.600950987564,4310.203125,1,4912,7360
image_002,image_002_click_06,674,1171,1367,2048,2423.1605705925385,4209.578125,1,4912,7360
image_002,image_002_click_07,685,1183,1367,2048,2462.686539868325,4252.703125,1,4912,7360
image_002,image_002_click_08,669,1158,1367,2048,2405.1942209217264,4162.859375,1,4912,7360
image_002,image_002_click_09,659,1122,1367,2048,2369.2615215801025,4033.484375,1,4912,7360
image_002,image_002_click_10,663,1214,1367,2048,2383.634601316752,4364.109375,1,4912,7360
image_002,image_002_click_11,607,1105,1367,2048,2182.4114850036576,3972.390625,1,4912,7360
image_002,image_002_click_12,590,1146,1367,2048,2121.3258961228967,4119.734375,1,4912,7360
image_002,image_002_click_13,689,1213,1367,2048,2477.0596196049746,4360.515625,1,4912,7360
image_002,image_002_click_14,727,1196,1367,2048,2613.6038771031454,4299.421875,1,4912,7360
image_002,image_002_click_15,668,1190,1367,2048,2401.600950987564,4277.859375,1,4912,7360
image_003,image_003_click_01,858,864,1365,2048,2232.8578754578753,2248.128662109375,1,3551,5327
image_003,image_003_click_02,649,830,1365,2048,1689.1516483516484,2159.692138671875,1,3551,5327
image_003,image_003_click_03,731,661,1365,2048,1902.4717948717948,1720.110595703125,1,3551,5327
image_003,image_003_click_04,707,753,1365,2048,1840.03663003663,1959.409423828125,1,3551,5327
image_003,image_003_click_05,700,747,1365,2048,1821.8263736263737,1943.802978515625,1,3551,5327
image_003,image_003_click_06,753,723,1365,2048,1959.7040293040293,1881.377197265625,1,3551,5327
image_003,image_003_click_07,907,819,1365,2048,2360.3296703296705,2131.080322265625,1,3551,5327
image_003,image_003_click_08,764,616,1365,2048,1988.3201465201464,1603.062255859375,1,3551,5327
image_003,image_003_click_09,585,934,1365,2048,1522.6578754578754,2430.203857421875,1,3551,5327
image_003,image_003_click_10,713,629,1365,2048,1855.6454212454212,1636.876220703125,1,3551,5327
image_003,image_003_click_11,569,942,1365,2048,1481.0344322344322,2451.012451171875,1,3551,5327
image_003,image_003_click_12,853,869,1365,2048,2219.8505494505494,2261.134033203125,1,3551,5327
image_003,image_003_click_13,734,752,1365,2048,1910.2761904761905,1956.808349609375,1,3551,5327
image_003,image_003_click_14,730,778,1365,2048,1899.8703296703297,2024.436279296875,1,3551,5327
image_003,image_003_click_15,896,840,1365,2048,2331.713553113553,2185.702880859375,1,3551,5327
image_004,image_004_click_01,283,903,1365,2048,621.9538461538461,1982.523681640625,1,2997,4495
image_004,image_004_click_02,340,929,1365,2048,747.1032967032967,2039.589111328125,1,2997,4495
image_004,image_004_click_03,349,885,1365,2048,766.8637362637363,1943.016845703125,1,2997,4495
image_004,image_004_click_04,325,923,1365,2048,714.1692307692308,2026.420166015625,1,2997,4495
image_004,image_004_click_05,315,906,1365,2048,692.2131868131868,1989.108154296875,1,2997,4495
image_004,image_004_click_06,352,912,1365,2048,773.4505494505495,2002.277099609375,1,2997,4495
image_004,image_004_click_07,261,878,1365,2048,573.6505494505494,1927.653076171875,1,2997,4495
image_004,image_004_click_08,330,898,1365,2048,725.1472527472528,1971.549560546875,1,2997,4495
image_004,image_004_click_09,350,903,1365,2048,769.0593406593407,1982.523681640625,1,2997,4495
image_004,image_004_click_10,289,900,1365,2048,635.1274725274725,1975.939208984375,1,2997,4495
image_004,image_004_click_11,309,896,1365,2048,679.0395604395604,1967.159912109375,1,2997,4495
image_004,image_004_click_12,282,865,1365,2048,619.7582417582418,1899.120361328125,1,2997,4495
image_004,image_004_click_13,280,885,1365,2048,615.367032967033,1943.016845703125,1,2997,4495
image_004,image_004_click_14,339,880,1365,2048,744.9076923076923,1932.042724609375,1,2997,4495
image_004,image_004_click_15,343,870,1365,2048,753.6901098901099,1910.094482421875,1,2997,4495
image_005,image_005_click_01,975,1139,2048,1498,2125.308837890625,2482.3624833110816,1,4463,3264
image_005,image_005_click_02,979,1089,2048,1498,2134.025634765625,2373.417222963952,1,4463,3264
image_005,image_005_click_03,987,1129,2048,1498,2151.459228515625,2460.5734312416557,1,4463,3264
image_005,image_005_click_04,1191,1317,2048,1498,2596.015869140625,2870.2076101468624,1,4463,3264
image_005,image_005_click_05,978,1120,2048,1498,2131.846435546875,2440.9632843791724,1,4463,3264
image_005,image_005_click_06,980,1181,2048,1498,2136.204833984375,2573.8765020026703,1,4463,3264
image_005,image_005_click_07,1010,1293,2048,1498,2201.580810546875,2817.9138851802404,1,4463,3264
image_005,image_005_click_08,1024,1195,2048,1498,2232.089599609375,2604.3811748998664,1,4463,3264
image_005,image_005_click_09,982,1157,2048,1498,2140.563232421875,2521.582777036048,1,4463,3264
image_005,image_005_click_10,1077,1223,2048,1498,2347.587158203125,2665.390520694259,1,4463,3264
image_005,image_005_click_11,938,1122,2048,1498,2044.678466796875,2445.3210947930575,1,4463,3264
image_005,image_005_click_12,980,1109,2048,1498,2136.204833984375,2416.995327102804,1,4463,3264
image_005,image_005_click_13,1044,1171,2048,1498,2275.673583984375,2552.0874499332444,1,4463,3264
image_005,image_005_click_14,990,1255,2048,1498,2157.996826171875,2735.115487316422,1,4463,3264
image_005,image_005_click_15,1051,1160,2048,1498,2290.927978515625,2528.119492656876,1,4463,3264
image_006,image_006_click_01,1111,1488,1365,2048,3065.285714285714,4103.777099609375,1,3765,5647
image_006,image_006_click_02,1156,1821,1365,2048,3189.4065934065934,5021.966064453125,1,3765,5647
image_006,image_006_click_03,970,1642,1365,2048,2676.3736263736264,4528.405029296875,1,3765,5647
image_006,image_006_click_04,980,1613,1365,2048,2703.956043956044,4448.442626953125,1,3765,5647
image_006,image_006_click_05,1155,1444,1365,2048,3186.6483516483518,3982.454833984375,1,3765,5647
image_006,image_006_click_06,1113,1782,1365,2048,3070.802197802198,4914.430419921875,1,3765,5647
image_006,image_006_click_07,1027,1633,1365,2048,2833.5934065934066,4503.589111328125,1,3765,5647
image_006,image_006_click_08,1013,1765,1365,2048,2794.978021978022,4867.555908203125,1,3765,5647
image_006,image_006_click_09,1088,1809,1365,2048,3001.846153846154,4988.878173828125,1,3765,5647
image_006,image_006_click_10,1193,1769,1365,2048,3291.4615384615386,4878.585205078125,1,3765,5647
image_006,image_006_click_11,972,1609,1365,2048,2681.8901098901097,4437.413330078125,1,3765,5647
image_006,image_006_click_12,1122,1829,1365,2048,3095.6263736263736,5044.024658203125,1,3765,5647
image_006,image_006_click_13,1039,1770,1365,2048,2866.6923076923076,4881.342529296875,1,3765,5647
image_006,image_006_click_14,1058,1565,1365,2048,2919.098901098901,4316.091064453125,1,3765,5647
image_006,image_006_click_15,1201,1779,1365,2048,3313.5274725274726,4906.158447265625,1,3765,5647
image_007,image_007_click_01,779,1213,1394,2048,3465.8705164992825,5395.664306640625,1,6199,9107
image_007,image_007_click_02,756,1066,1394,2048,3363.5914634146343,4741.988037109375,1,6199,9107
image_007,image_007_click_03,701,1018,1394,2048,3119.0111190817793,4528.542724609375,1,6199,9107
image_007,image_007_click_04,810,1087,1394,2048,3603.724892395983,4835.370361328125,1,6199,9107
image_007,image_007_click_05,782,1075,1394,2048,3479.211262553802,4782.009033203125,1,6199,9107
image_007,image_007_click_06,702,941,1394,2048,3123.4580344332853,4186.140869140625,1,6199,9107
image_007,image_007_click_07,703,905,1394,2048,3127.904949784792,4026.056884765625,1,6199,9107
image_007,image_007_click_08,874,1174,1394,2048,3888.327474892396,5222.239990234375,1,6199,9107
image_007,image_007_click_09,605,918,1394,2048,2692.1072453371594,4083.864990234375,1,6199,9107
image_007,image_007_click_10,725,1181,1394,2048,3225.737087517934,5253.367431640625,1,6199,9107
image_007,image_007_click_11,781,1075,1394,2048,3474.7643472022955,4782.009033203125,1,6199,9107
image_007,image_007_click_12,749,872,1394,2048,3332.4630559540888,3879.313232421875,1,6199,9107
image_007,image_007_click_13,858,1140,1394,2048,3817.1768292682927,5071.049560546875,1,6199,9107
image_007,image_007_click_14,797,1011,1394,2048,3545.9149928263987,4497.415283203125,1,6199,9107
image_007,image_007_click_15,784,1011,1394,2048,3488.105093256815,4497.415283203125,1,6199,9107
image_008,image_008_click_01,413,254,1433,2048,790.7191207257501,486.504638671875,1,2742,3919
image_008,image_008_click_02,347,601,1433,2048,664.4302163293789,1150.514892578125,1,2742,3919
image_008,image_008_click_03,415,294,1433,2048,794.5460572226099,563.047607421875,1,2742,3919
image_008,image_008_click_04,438,220,1433,2048,838.5558269364968,421.443115234375,1,2742,3919
image_008,image_008_click_05,396,208,1433,2048,758.1901605024424,398.480224609375,1,2742,3919
image_008,image_008_click_06,403,221,1433,2048,771.5844382414515,423.356689453125,1,2742,3919
image_008,image_008_click_07,382,216,1433,2048,731.4016050244243,413.788818359375,1,2742,3919
image_008,image_008_click_08,366,599,1433,2048,700.7861130495464,1146.687744140625,1,2742,3919
image_008,image_008_click_09,338,778,1433,2048,647.2090020935101,1489.217529296875,1,2742,3919
image_008,image_008_click_10,354,215,1433,2048,677.824494068388,411.875244140625,1,2742,3919
image_008,image_008_click_11,349,200,1433,2048,668.2571528262387,383.171630859375,1,2742,3919
image_008,image_008_click_12,437,224,1433,2048,836.642358688067,429.097412109375,1,2742,3919
image_008,image_008_click_13,296,729,1433,2048,566.8433356594556,1395.452392578125,1,2742,3919
image_008,image_008_click_14,287,571,1433,2048,549.6221214235869,1093.107666015625,1,2742,3919
image_008,image_008_click_15,351,257,1433,2048,672.0840893230984,492.245361328125,1,2742,3919
image_009,image_009_click_01,906,597,2048,1365,2465.374755859375,1625.2252747252746,1,5571,3714
image_009,image_009_click_02,951,555,2048,1365,2587.784423828125,1510.9483516483517,1,5571,3714
image_009,image_009_click_03,924,545,2048,1365,2514.338623046875,1483.7395604395604,1,5571,3714
image_009,image_009_click_04,920,568,2048,1365,2503.457763671875,1546.3197802197801,1,5571,3714
image_009,image_009_click_05,712,733,2048,1365,1937.653076171875,1995.2648351648352,1,5571,3714
image_009,image_009_click_06,969,547,2048,1365,2636.748291015625,1489.1813186813188,1,5571,3714
image_009,image_009_click_07,936,478,2048,1365,2546.981201171875,1301.4406593406593,1,5571,3714
image_009,image_009_click_08,910,577,2048,1365,2476.255615234375,1570.8076923076924,1,5571,3714
image_009,image_009_click_09,961,571,2048,1365,2614.986572265625,1554.4824175824176,1,5571,3714
image_009,image_009_click_10,828,605,2048,1365,2253.197998046875,1646.9923076923078,1,5571,3714
image_009,image_009_click_11,932,387,2048,1365,2536.100341796875,1053.8406593406594,1,5571,3714
image_009,image_009_click_12,1043,602,2048,1365,2838.044189453125,1638.8296703296703,1,5571,3714
image_009,image_009_click_13,1009,571,2048,1365,2745.556884765625,1554.4824175824176,1,5571,3714
image_009,image_009_click_14,914,537,2048,1365,2487.136474609375,1461.9725274725274,1,5571,3714
image_009,image_009_click_15,913,563,2048,1365,2484.416259765625,1532.7153846153847,1,5571,3714
image_010,image_010_click_01,543,1016,1152,2048,1063.8541666666667,1990.311279296875,1,2256,4011
image_010,image_010_click_02,549,1008,1152,2048,1075.6041666666667,1974.643310546875,1,2256,4011
image_010,image_010_click_03,545,997,1152,2048,1067.7708333333333,1953.099853515625,1,2256,4011
image_010,image_010_click_04,538,1005,1152,2048,1054.0625,1968.767822265625,1,2256,4011
image_010,image_010_click_05,544,1006,1152,2048,1065.8125,1970.726318359375,1,2256,4011
image_010,image_010_click_06,540,1000,1152,2048,1057.9791666666667,1958.975341796875,1,2256,4011
image_010,image_010_click_07,535,1008,1152,2048,1048.1875,1974.643310546875,1,2256,4011
image_010,image_010_click_08,544,1005,1152,2048,1065.8125,1968.767822265625,1,2256,4011
image_010,image_010_click_09,553,1011,1152,2048,1083.4375,1980.518798828125,1,2256,4011
image_010,image_010_click_10,534,998,1152,2048,1046.2291666666667,1955.058349609375,1,2256,4011
image_010,image_010_click_11,536,1005,1152,2048,1050.1458333333333,1968.767822265625,1,2256,4011
image_010,image_010_click_12,541,1006,1152,2048,1059.9375,1970.726318359375,1,2256,4011
image_010,image_010_click_13,538,1002,1152,2048,1054.0625,1962.892333984375,1,2256,4011
image_010,image_010_click_14,548,1006,1152,2048,1073.6458333333333,1970.726318359375,1,2256,4011
image_010,image_010_click_15,549,1008,1152,2048,1075.6041666666667,1974.643310546875,1,2256,4011
image_011,image_011_click_01,342,1179,1365,2048,714.1080586080586,2459.86328125,1,2848,4272
image_011,image_011_click_02,435,1030,1365,2048,908.1476190476191,2149.05859375,1,2848,4272
image_011,image_011_click_03,270,1333,1365,2048,563.8838827838828,2781.09765625,1,2848,4272
image_011,image_011_click_04,442,1244,1365,2048,922.7527472527472,2595.44921875,1,2848,4272
image_011,image_011_click_05,504,1676,1365,2048,1052.1124542124542,3496.57421875,1,2848,4272
image_011,image_011_click_06,300,1576,1365,2048,626.4772893772894,3287.98046875,1,2848,4272
image_011,image_011_click_07,255,1280,1365,2048,532.5871794871795,2670.54296875,1,2848,4272
image_011,image_011_click_08,342,1591,1365,2048,714.1080586080586,3319.26953125,1,2848,4272
image_011,image_011_click_09,225,1531,1365,2048,469.99377289377287,3194.11328125,1,2848,4272
image_011,image_011_click_10,224,1633,1365,2048,467.907326007326,3406.87890625,1,2848,4272
image_011,image_011_click_11,409,1602,1365,2048,853.9,3342.21484375,1,2848,4272
image_011,image_011_click_12,516,1851,1365,2048,1077.149816849817,3861.61328125,1,2848,4272
image_011,image_011_click_13,427,1573,1365,2048,891.4560439560439,3281.72265625,1,2848,4272
image_011,image_011_click_14,907,898,1365,2048,1892.9505494505495,1873.71484375,1,2848,4272
image_011,image_011_click_15,263,1605,1365,2048,549.2787545787546,3348.47265625,1,2848,4272
image_012,image_012_click_01,700,1299,1365,2048,2026.0747252747253,3757.770751953125,1,3949,5923
image_012,image_012_click_02,685,1864,1365,2048,1982.6791208791208,5391.801513671875,1,3949,5923
image_012,image_012_click_03,476,1241,1365,2048,1378.0336996336996,3590.029541015625,1,3949,5923
image_012,image_012_click_04,506,1268,1365,2048,1464.8249084249085,3668.115966796875,1,3949,5923
image_012,image_012_click_05,679,1764,1365,2048,1965.3208791208792,5102.592529296875,1,3949,5923
image_012,image_012_click_06,686,1291,1365,2048,1985.5721611721613,3734.634033203125,1,3949,5923
image_012,image_012_click_07,516,1239,1365,2048,1493.7553113553113,3584.245361328125,1,3949,5923
image_012,image_012_click_08,874,1246,1365,2048,2529.4637362637363,3604.489990234375,1,3949,5923
image_012,image_012_click_09,673,1850,1365,2048,1947.9626373626375,5351.312255859375,1,3949,5923
image_012,image_012_click_10,461,1212,1365,2048,1334.6380952380953,3506.158935546875,1,3949,5923
image_012,image_012_click_11,682,1909,1365,2048,1974.0,5521.945556640625,1,3949,5923
image_012,image_012_click_12,507,1234,1365,2048,1467.7179487179487,3569.784912109375,1,3949,5923
image_012,image_012_click_13,659,1774,1365,2048,1907.4600732600732,5131.513427734375,1,3949,5923
image_012,image_012_click_14,685,1856,1365,2048,1982.6791208791208,5368.664794921875,1,3949,5923
image_012,image_012_click_15,886,1242,1365,2048,2564.18021978022,3592.921630859375,1,3949,5923
image_013,image_013_click_01,806,491,2048,1364,1832.23974609375,1116.5454545454545,1,4654,3100
image_013,image_013_click_02,260,1015,2048,1364,591.47607421875,2307.4545454545455,1,4654,3100
image_013,image_013_click_03,343,1005,2048,1364,780.09033203125,2284.7272727272725,1,4654,3100
image_013,image_013_click_04,761,497,2048,1364,1729.97900390625,1130.1818181818182,1,4654,3100
image_013,image_013_click_05,835,504,2048,1364,1898.14111328125,1146.090909090909,1,4654,3100
image_013,image_013_click_06,262,1015,2048,1364,596.02099609375,2307.4545454545455,1,4654,3100
image_013,image_013_click_07,248,1017,2048,1364,564.20654296875,2312.0,1,4654,3100
image_013,image_013_click_08,768,529,2048,1364,1745.88623046875,1202.909090909091,1,4654,3100
image_013,image_013_click_09,769,517,2048,1364,1748.15869140625,1175.6363636363637,1,4654,3100
image_013,image_013_click_10,531,913,2048,1364,1207.31298828125,2075.6363636363635,1,4654,3100
image_013,image_013_click_11,565,729,2048,1364,1284.57666015625,1657.4545454545455,1,4654,3100
image_013,image_013_click_12,807,460,2048,1364,1834.51220703125,1046.090909090909,1,4654,3100
image_013,image_013_click_13,278,1015,2048,1364,632.38037109375,2307.4545454545455,1,4654,3100
image_013,image_013_click_14,233,1004,2048,1364,530.11962890625,2282.4545454545455,1,4654,3100
image_013,image_013_click_15,767,510,2048,1364,1743.61376953125,1159.7272727272727,1,4654,3100
image_014,image_014_click_01,903,640,2048,1365,2383.5400390625,1690.1384615384616,1,5404,3603
image_014,image_014_click_02,772,719,2048,1365,2037.8740234375,1898.6637362637362,1,5404,3603
image_014,image_014_click_03,768,684,2048,1365,2027.3193359375,1806.279120879121,1,5404,3603
image_014,image_014_click_04,714,647,2048,1365,1884.8310546875,1708.6153846153845,1,5404,3603
image_014,image_014_click_05,769,714,2048,1365,2029.9580078125,1885.465934065934,1,5404,3603
image_014,image_014_click_06,769,683,2048,1365,2029.9580078125,1803.6395604395605,1,5404,3603
image_014,image_014_click_07,793,709,2048,1365,2093.2861328125,1872.2681318681318,1,5404,3603
image_014,image_014_click_08,825,518,2048,1365,2177.7236328125,1368.1120879120879,1,5404,3603
image_014,image_014_click_09,773,717,2048,1365,2040.5126953125,1893.3846153846155,1,5404,3603
image_014,image_014_click_10,898,608,2048,1365,2370.3466796875,1605.6725274725275,1,5404,3603
image_014,image_014_click_11,856,681,2048,1365,2259.5224609375,1798.3604395604395,1,5404,3603
image_014,image_014_click_12,754,737,2048,1365,1990.3779296875,1946.1758241758241,1,5404,3603
image_014,image_014_click_13,878,716,2048,1365,2317.5732421875,1890.745054945055,1,5404,3603
image_014,image_014_click_14,715,745,2048,1365,1887.4697265625,1967.2923076923078,1,5404,3603
image_014,image_014_click_15,770,666,2048,1365,2032.5966796875,1758.767032967033,1,5404,3603
image_015,image_015_click_01,1171,1199,2048,2048,2826.43017578125,2893.99658203125,1,4942,4942
image_015,image_015_click_02,1149,1194,2048,2048,2773.34228515625,2881.93115234375,1,4942,4942
image_015,image_015_click_03,1195,1139,2048,2048,2884.34423828125,2749.21142578125,1,4942,4942
image_015,image_015_click_04,1052,740,2048,2048,2539.27294921875,1786.39013671875,1,4942,4942
image_015,image_015_click_05,1198,1173,2048,2048,2891.58349609375,2831.25634765625,1,4942,4942
image_015,image_015_click_06,1205,1179,2048,2048,2908.47509765625,2845.73486328125,1,4942,4942
image_015,image_015_click_07,1083,739,2048,2048,2614.07861328125,1783.97705078125,1,4942,4942
image_015,image_015_click_08,1034,722,2048,2048,2495.83740234375,1742.95458984375,1,4942,4942
image_015,image_015_click_09,1058,751,2048,2048,2553.75146484375,1812.93408203125,1,4942,4942
image_015,image_015_click_10,1215,1223,2048,2048,2932.60595703125,2951.91064453125,1,4942,4942
image_015,image_015_click_11,1051,738,2048,2048,2536.85986328125,1781.56396484375,1,4942,4942
image_015,image_015_click_12,1178,1182,2048,2048,2843.32177734375,2852.97412109375,1,4942,4942
image_015,image_015_click_13,1190,1213,2048,2048,2872.27880859375,2927.77978515625,1,4942,4942
image_015,image_015_click_14,892,807,2048,2048,2153.17919921875,1948.06689453125,1,4942,4942
image_015,image_015_click_15,1173,1239,2048,2048,2831.25634765625,2990.52001953125,1,4942,4942
image_016,image_016_click_01,1043,897,1365,2048,2176.707326007326,1871.62890625,1,2848,4272
image_016,image_016_click_02,1028,874,1365,2048,2145.4106227106226,1823.65234375,1,2848,4272
image_016,image_016_click_03,1069,904,1365,2048,2230.9549450549453,1886.23046875,1,2848,4272
image_016,image_016_click_04,1142,893,1365,2048,2383.2655677655675,1863.28515625,1,2848,4272
image_016,image_016_click_05,1032,898,1365,2048,2153.75641025641,1873.71484375,1,2848,4272
image_016,image_016_click_06,1114,928,1365,2048,2324.845054945055,1936.29296875,1,2848,4272
image_016,image_016_click_07,1103,882,1365,2048,2301.8941391941394,1840.33984375,1,2848,4272
image_016,image_016_click_08,1054,894,1365,2048,2199.6582417582417,1865.37109375,1,2848,4272
image_016,image_016_click_09,1041,1025,1365,2048,2172.534432234432,2138.62890625,1,2848,4272
image_016,image_016_click_10,1068,905,1365,2048,2228.8684981684983,1888.31640625,1,2848,4272
image_016,image_016_click_11,1044,890,1365,2048,2178.7937728937727,1857.02734375,1,2848,4272
image_016,image_016_click_12,1021,754,1365,2048,2130.8054945054946,1573.33984375,1,2848,4272
image_016,image_016_click_13,1048,929,1365,2048,2187.1395604395602,1938.37890625,1,2848,4272
image_016,image_016_click_14,1120,973,1365,2048,2337.3637362637364,2030.16015625,1,2848,4272
image_016,image_016_click_15,1080,892,1365,2048,2253.905860805861,1861.19921875,1,2848,4272
image_017,image_017_click_01,1066,1019,1839,2048,1747.4233278955953,1670.623779296875,1,3014,3357
image_017,image_017_click_02,1005,1075,1839,2048,1647.4483414899403,1762.416748046875,1,3014,3357
image_017,image_017_click_03,1148,829,1839,2048,1881.81593257205,1359.183349609375,1,3014,3357
image_017,image_017_click_04,1039,867,1839,2048,1703.1721044045678,1421.471435546875,1,3014,3357
image_017,image_017_click_05,692,1117,1839,2048,1134.4619358346927,1831.261474609375,1,3014,3357
image_017,image_017_click_06,1408,1185,1839,2048,2307.9388254486134,1942.724365234375,1,3014,3357
image_017,image_017_click_07,1164,860,1839,2048,1908.0388798259924,1409.997314453125,1,3014,3357
image_017,image_017_click_08,1161,889,1839,2048,1903.122077215878,1457.532958984375,1,3014,3357
image_017,image_017_click_09,1158,871,1839,2048,1898.205274605764,1428.028076171875,1,3014,3357
image_017,image_017_click_10,1374,900,1839,2048,2252.215062533986,1475.563720703125,1,3014,3357
image_017,image_017_click_11,1360,1097,1839,2048,2229.2699836867864,1798.478271484375,1,3014,3357
image_017,image_017_click_12,1051,852,1839,2048,1722.8393148450245,1396.884033203125,1,3014,3357
image_017,image_017_click_13,1051,981,1839,2048,1722.8393148450245,1608.335693359375,1,3014,3357
image_017,image_017_click_14,1106,818,1839,2048,1812.9806960304513,1341.152587890625,1,3014,3357
image_017,image_017_click_15,1150,811,1839,2048,1885.0938009787928,1329.678466796875,1,3014,3357
image_018,image_018_click_01,1501,750,2048,1446,3726.123291015625,1861.7365145228216,1,5083,3588
image_018,image_018_click_02,1581,783,2048,1446,3924.677978515625,1943.6203319502074,1,5083,3588
image_018,image_018_click_03,1612,919,2048,1446,4001.617919921875,2281.0809128630704,1,5083,3588
image_018,image_018_click_04,1552,898,2048,1446,3852.701904296875,2228.973029045643,1,5083,3588
image_018,image_018_click_05,1550,818,2048,1446,3847.738037109375,2030.466804979253,1,5083,3588
image_018,image_018_click_06,1525,803,2048,1446,3785.689697265625,1993.246887966805,1,5083,3588
image_018,image_018_click_07,1468,793,2048,1446,3644.219482421875,1968.4336099585062,1,5083,3588
image_018,image_018_click_08,1426,908,2048,1446,3539.978271484375,2253.786307053942,1,5083,3588
image_018,image_018_click_09,1620,660,2048,1446,4021.473388671875,1638.4170124481327,1,5083,3588
image_018,image_018_click_10,1583,892,2048,1446,3929.641845703125,2214.085062240664,1,5083,3588
image_018,image_018_click_11,1606,886,2048,1446,3986.726318359375,2199.197095435685,1,5083,3588
image_018,image_018_click_12,1588,916,2048,1446,3942.051513671875,2273.636929460581,1,5083,3588
image_018,image_018_click_13,1569,945,2048,1446,3894.894775390625,2345.5954356846473,1,5083,3588
image_018,image_018_click_14,1512,806,2048,1446,3753.424560546875,2000.6908713692947,1,5083,3588
image_018,image_018_click_15,1583,898,2048,1446,3929.641845703125,2228.973029045643,1,5083,3588
image_019,image_019_click_01,1002,1105,1536,2048,1973.171875,2175.953125,1,3024,4032
image_019,image_019_click_02,962,1073,1536,2048,1894.421875,2112.953125,1,3024,4032
image_019,image_019_click_03,949,1098,1536,2048,1868.828125,2162.171875,1,3024,4032
image_019,image_019_click_04,943,1067,1536,2048,1857.015625,2101.140625,1,3024,4032
image_019,image_019_click_05,955,1067,1536,2048,1880.640625,2101.140625,1,3024,4032
image_019,image_019_click_06,965,1124,1536,2048,1900.328125,2213.359375,1,3024,4032
image_019,image_019_click_07,981,1097,1536,2048,1931.828125,2160.203125,1,3024,4032
image_019,image_019_click_08,958,1116,1536,2048,1886.546875,2197.609375,1,3024,4032
image_019,image_019_click_09,972,1105,1536,2048,1914.109375,2175.953125,1,3024,4032
image_019,image_019_click_10,997,1092,1536,2048,1963.328125,2150.359375,1,3024,4032
image_019,image_019_click_11,950,1088,1536,2048,1870.796875,2142.484375,1,3024,4032
image_019,image_019_click_12,979,1103,1536,2048,1927.890625,2172.015625,1,3024,4032
image_019,image_019_click_13,991,1126,1536,2048,1951.515625,2217.296875,1,3024,4032
image_019,image_019_click_14,964,1072,1536,2048,1898.359375,2110.984375,1,3024,4032
image_019,image_019_click_15,985,1038,1536,2048,1939.703125,2044.046875,1,3024,4032
image_020,image_020_click_01,689,1337,1561,2048,1083.4417040358744,2102.4052734375,1,2454,3220
image_020,image_020_click_02,1186,1404,1561,2048,1864.7600896860986,2207.7470703125,1,2454,3220
image_020,image_020_click_03,813,1418,1561,2048,1278.3782831518258,2229.7587890625,1,2454,3220
image_020,image_020_click_04,1027,1469,1561,2048,1614.8010890454836,2309.9443359375,1,2454,3220
image_020,image_020_click_05,927,1450,1561,2048,1457.5941704035874,2280.0712890625,1,2454,3220
image_020,image_020_click_06,705,1391,1561,2048,1108.5948110185777,2187.3076171875,1,2454,3220
image_020,image_020_click_07,803,1396,1561,2048,1262.657591287636,2195.1689453125,1,2454,3220
image_020,image_020_click_08,904,1509,1561,2048,1421.4365791159514,2372.8349609375,1,2454,3220
image_020,image_020_click_09,848,1453,1561,2048,1333.4007046764893,2284.7880859375,1,2454,3220
image_020,image_020_click_10,833,1290,1561,2048,1309.819666880205,2028.5087890625,1,2454,3220
image_020,image_020_click_11,767,1353,1561,2048,1206.0631005765536,2127.5615234375,1,2454,3220
image_020,image_020_click_12,967,1337,1561,2048,1520.476937860346,2102.4052734375,1,2454,3220
image_020,image_020_click_13,988,1578,1561,2048,1553.490390775144,2481.3212890625,1,2454,3220
image_020,image_020_click_14,612,1338,1561,2048,962.3923766816143,2103.9775390625,1,2454,3220
image_020,image_020_click_15,757,1444,1561,2048,1190.342408712364,2270.6376953125,1,2454,3220
image_021,image_021_click_01,611,817,2048,1365,2464.609375,3295.8516483516482,1,8256,5504
image_021,image_021_click_02,1350,629,2048,1365,5443.703125,2537.791575091575,1,8256,5504
image_021,image_021_click_03,905,741,2048,1365,3649.796875,2989.4018315018316,1,8256,5504
image_021,image_021_click_04,944,704,2048,1365,3807.015625,2840.2091575091576,1,8256,5504
image_021,image_021_click_05,1054,730,2048,1365,4250.453125,2945.047252747253,1,8256,5504
image_021,image_021_click_06,599,865,2048,1365,2416.234375,3489.398901098901,1,8256,5504
image_021,image_021_click_07,590,693,2048,1365,2379.953125,2795.8545787545786,1,8256,5504
image_021,image_021_click_08,988,773,2048,1365,3984.390625,3118.4333333333334,1,8256,5504
image_021,image_021_click_09,832,763,2048,1365,3355.515625,3078.110989010989,1,8256,5504
image_021,image_021_click_10,321,838,2048,1365,1295.546875,3380.5285714285715,1,8256,5504
image_021,image_021_click_11,660,817,2048,1365,2662.140625,3295.8516483516482,1,8256,5504
image_021,image_021_click_12,998,693,2048,1365,4024.703125,2795.8545787545786,1,8256,5504
image_021,image_021_click_13,989,743,2048,1365,3988.421875,2997.4663003663004,1,8256,5504
image_021,image_021_click_14,663,760,2048,1365,2674.234375,3066.0142857142855,1,8256,5504
image_021,image_021_click_15,974,689,2048,1365,3927.953125,2779.725641025641,1,8256,5504
image_022,image_022_click_01,1063,803,2048,1365,2691.484375,2033.856043956044,1,5184,3456
image_022,image_022_click_02,904,778,2048,1365,2289.015625,1970.5593406593407,1,5184,3456
image_022,image_022_click_03,913,769,2048,1365,2311.796875,1947.7725274725274,1,5184,3456
image_022,image_022_click_04,917,804,2048,1365,2321.921875,2036.3879120879121,1,5184,3456
image_022,image_022_click_05,915,770,2048,1365,2316.859375,1950.3043956043955,1,5184,3456
image_022,image_022_click_06,1047,847,2048,1365,2650.984375,2145.2582417582416,1,5184,3456
image_022,image_022_click_07,1060,815,2048,1365,2683.890625,2064.2384615384617,1,5184,3456
image_022,image_022_click_08,1092,829,2048,1365,2764.890625,2099.6846153846154,1,5184,3456
image_022,image_022_click_09,936,792,2048,1365,2370.015625,2006.0054945054944,1,5184,3456
image_022,image_022_click_10,957,845,2048,1365,2423.171875,2140.1945054945054,1,5184,3456
image_022,image_022_click_11,912,824,2048,1365,2309.265625,2087.025274725275,1,5184,3456
image_022,image_022_click_12,925,793,2048,1365,2342.171875,2008.5373626373625,1,5184,3456
image_022,image_022_click_13,1000,835,2048,1365,2532.015625,2114.875824175824,1,5184,3456
image_022,image_022_click_14,1001,812,2048,1365,2534.546875,2056.6428571428573,1,5184,3456
image_022,image_022_click_15,933,803,2048,1365,2362.421875,2033.856043956044,1,5184,3456
image_023,image_023_click_01,882,1178,1365,2048,2196.375457875458,2932.514892578125,1,3398,5097
image_023,image_023_click_02,786,1175,1365,2048,1957.395238095238,2925.048583984375,1,3398,5097
image_023,image_023_click_03,879,1166,1365,2048,2188.907326007326,2902.649658203125,1,3398,5097
image_023,image_023_click_04,797,1103,1365,2048,1984.7783882783883,2745.857177734375,1,3398,5097
image_023,image_023_click_05,817,1189,1365,2048,2034.565934065934,2959.891357421875,1,3398,5097
image_023,image_023_click_06,807,1109,1365,2048,2009.6721611721612,2760.789794921875,1,3398,5097
image_023,image_023_click_07,935,1126,1365,2048,2328.312454212454,2803.098876953125,1,3398,5097
image_023,image_023_click_08,909,1215,1365,2048,2263.5886446886448,3024.599365234375,1,3398,5097
image_023,image_023_click_09,880,1159,1365,2048,2191.3967032967034,2885.228271484375,1,3398,5097
image_023,image_023_click_10,865,1188,1365,2048,2154.056043956044,2957.402587890625,1,3398,5097
image_023,image_023_click_11,788,1050,1365,2048,1962.3739926739927,2613.952392578125,1,3398,5097
image_023,image_023_click_12,848,1114,1365,2048,2111.7366300366302,2773.233642578125,1,3398,5097
image_023,image_023_click_13,849,1073,1365,2048,2114.226007326007,2671.194091796875,1,3398,5097
image_023,image_023_click_14,900,1170,1365,2048,2241.184249084249,2912.604736328125,1,3398,5097
image_023,image_023_click_15,875,1106,1365,2048,2178.9498168498167,2753.323486328125,1,3398,5097
image_024,image_024_click_01,703,768,1638,2048,1706.7115384615386,1864.088134765625,1,3975,4969
image_024,image_024_click_02,679,800,1638,2048,1648.4697802197802,1941.728759765625,1,3975,4969
image_024,image_024_click_03,869,1163,1638,2048,2109.5503663003665,2822.464599609375,1,3975,4969
image_024,image_024_click_04,923,827,1638,2048,2240.5943223443223,2007.238037109375,1,3975,4969
image_024,image_024_click_05,760,776,1638,2048,1845.0357142857142,1883.498291015625,1,3975,4969
image_024,image_024_click_06,965,1144,1638,2048,2342.5173992673995,2776.365478515625,1,3975,4969
image_024,image_024_click_07,649,784,1638,2048,1575.6675824175825,1902.908447265625,1,3975,4969
image_024,image_024_click_08,1151,1184,1638,2048,2793.891025641026,2873.416259765625,1,3975,4969
image_024,image_024_click_09,955,1321,1638,2048,2318.25,3205.815185546875,1,3975,4969
image_024,image_024_click_10,942,1222,1638,2048,2286.7023809523807,2965.614501953125,1,3975,4969
image_024,image_024_click_11,1289,1165,1638,2048,3128.7811355311355,2827.317138671875,1,3975,4969
image_024,image_024_click_12,984,1120,1638,2048,2388.625457875458,2718.135009765625,1,3975,4969
image_024,image_024_click_13,654,786,1638,2048,1587.801282051282,1907.760986328125,1,3975,4969
image_024,image_024_click_14,931,762,1638,2048,2260.0082417582416,1849.530517578125,1,3975,4969
image_024,image_024_click_15,658,840,1638,2048,1597.5082417582419,2038.779541015625,1,3975,4969
image_025,image_025_click_01,803,1864,1366,2048,3119.3857979502195,7239.00390625,1,5304,7952
image_025,image_025_click_02,792,1868,1366,2048,3076.674231332357,7254.53515625,1,5304,7952
image_025,image_025_click_03,781,1829,1366,2048,3033.962664714495,7103.10546875,1,5304,7952
image_025,image_025_click_04,792,1847,1366,2048,3076.674231332357,7172.99609375,1,5304,7952
image_025,image_025_click_05,890,1865,1366,2048,3457.1954612005857,7242.88671875,1,5304,7952
image_025,image_025_click_06,797,1864,1366,2048,3096.088579795022,7239.00390625,1,5304,7952
image_025,image_025_click_07,846,1846,1366,2048,3286.3491947291363,7169.11328125,1,5304,7952
image_025,image_025_click_08,717,1856,1366,2048,2785.4590043923863,7207.94140625,1,5304,7952
image_025,image_025_click_09,781,1869,1366,2048,3033.962664714495,7258.41796875,1,5304,7952
image_025,image_025_click_10,797,1827,1366,2048,3096.088579795022,7095.33984375,1,5304,7952
image_025,image_025_click_11,777,1874,1366,2048,3018.4311859443633,7277.83203125,1,5304,7952
image_025,image_025_click_12,790,1865,1366,2048,3068.908491947291,7242.88671875,1,5304,7952
image_025,image_025_click_13,814,1846,1366,2048,3162.097364568082,7169.11328125,1,5304,7952
image_025,image_025_click_14,835,1877,1366,2048,3243.637628111274,7289.48046875,1,5304,7952
image_025,image_025_click_15,826,1875,1366,2048,3208.6918008784774,7281.71484375,1,5304,7952
image_026,image_026_click_01,827,1098,1639,2048,1977.623856009762,2626.137939453125,1,3918,4897
image_026,image_026_click_02,815,997,1639,2048,1948.938071995119,2384.635498046875,1,3918,4897
image_026,image_026_click_03,614,1175,1639,2048,1468.4511897498476,2810.253662109375,1,3918,4897
image_026,image_026_click_04,813,1083,1639,2048,1944.1571079926784,2590.271240234375,1,3918,4897
image_026,image_026_click_05,844,1092,1639,2048,2018.2620500305063,2611.791259765625,1,3918,4897
image_026,image_026_click_06,1017,1233,1639,2048,2431.8154362416108,2948.938232421875,1,3918,4897
image_026,image_026_click_07,829,1107,1639,2048,1982.4048200122027,2647.657958984375,1,3918,4897
image_026,image_026_click_08,785,966,1639,2048,1877.2236119585114,2310.510986328125,1,3918,4897
image_026,image_026_click_09,658,1432,1639,2048,1573.6323978035387,3424.769775390625,1,3918,4897
image_026,image_026_click_10,841,1049,1639,2048,2011.0906040268455,2508.973388671875,1,3918,4897
image_026,image_026_click_11,843,1078,1639,2048,2015.8715680292862,2578.315673828125,1,3918,4897
image_026,image_026_click_12,757,1059,1639,2048,1810.290115924344,2532.884521484375,1,3918,4897
image_026,image_026_click_13,850,964,1639,2048,2032.6049420378279,2305.728759765625,1,3918,4897
image_026,image_026_click_14,1004,1665,1639,2048,2400.7391702257473,3981.899169921875,1,3918,4897
image_026,image_026_click_15,853,1090,1639,2048,2039.7763880414886,2607.009033203125,1,3918,4897
image_027,image_027_click_01,931,1282,2048,1638,2282.7666015625,3143.8956043956046,1,5020,4016
image_027,image_027_click_02,1004,1295,2048,1638,2461.7021484375,3175.7686202686205,1,5020,4016
image_027,image_027_click_03,863,1243,2048,1638,2116.0869140625,3048.276556776557,1,5020,4016
image_027,image_027_click_04,923,1273,2048,1638,2263.1572265625,3121.8296703296705,1,5020,4016
image_027,image_027_click_05,903,1268,2048,1638,2214.1337890625,3109.570818070818,1,5020,4016
image_027,image_027_click_06,898,1247,2048,1638,2201.8779296875,3058.0836385836387,1,5020,4016
image_027,image_027_click_07,963,1252,2048,1638,2361.2041015625,3070.342490842491,1,5020,4016
image_027,image_027_click_08,884,1354,2048,1638,2167.5615234375,3320.423076923077,1,5020,4016
image_027,image_027_click_09,1042,1262,2048,1638,2554.8466796875,3094.8601953601956,1,5020,4016
image_027,image_027_click_10,1037,1256,2048,1638,2542.5908203125,3080.1495726495727,1,5020,4016
image_027,image_027_click_11,1079,1342,2048,1638,2645.5400390625,3291.0018315018315,1,5020,4016
image_027,image_027_click_12,1034,1301,2048,1638,2535.2373046875,3190.479242979243,1,5020,4016
image_027,image_027_click_13,946,1254,2048,1638,2319.5341796875,3075.246031746032,1,5020,4016
image_027,image_027_click_14,927,1280,2048,1638,2272.9619140625,3138.9920634920636,1,5020,4016
image_027,image_027_click_15,1038,1317,2048,1638,2545.0419921875,3229.7075702075704,1,5020,4016
image_028,image_028_click_01,500,1472,1366,2048,976.6841142020497,2875.4765625,1,2667,4000
image_028,image_028_click_02,555,1470,1366,2048,1084.0669838945828,2871.5703125,1,2667,4000
image_028,image_028_click_03,685,1370,1366,2048,1337.8810395314788,2676.2578125,1,2667,4000
image_028,image_028_click_04,577,1580,1366,2048,1127.020131771596,3086.4140625,1,2667,4000
image_028,image_028_click_05,523,1779,1366,2048,1021.5896778916544,3475.0859375,1,2667,4000
image_028,image_028_click_06,551,1114,1366,2048,1076.2573206442166,2176.2578125,1,2667,4000
image_028,image_028_click_07,561,1276,1366,2048,1095.7814787701318,2492.6640625,1,2667,4000
image_028,image_028_click_08,548,1534,1366,2048,1070.4000732064421,2996.5703125,1,2667,4000
image_028,image_028_click_09,578,1442,1366,2048,1128.9725475841874,2816.8828125,1,2667,4000
image_028,image_028_click_10,600,1479,1366,2048,1171.9256954612006,2889.1484375,1,2667,4000
image_028,image_028_click_11,428,1724,1366,2048,836.1101756954612,3367.6640625,1,2667,4000
image_028,image_028_click_12,637,1012,1366,2048,1244.1650805270863,1977.0390625,1,2667,4000
image_028,image_028_click_13,558,1554,1366,2048,1089.9242313323573,3035.6328125,1,2667,4000
image_028,image_028_click_14,667,1094,1366,2048,1302.7375549048315,2137.1953125,1,2667,4000
image_028,image_028_click_15,539,1484,1366,2048,1052.8283308931186,2898.9140625,1,2667,4000
image_029,image_029_click_01,899,556,2048,1365,2634.75390625,1630.2692307692307,1,6000,4000
image_029,image_029_click_02,943,488,2048,1365,2763.66015625,1431.0018315018315,1,6000,4000
image_029,image_029_click_03,945,571,2048,1365,2769.51953125,1674.2252747252746,1,6000,4000
image_029,image_029_click_04,936,557,2048,1365,2743.15234375,1633.1996336996338,1,6000,4000
image_029,image_029_click_05,943,536,2048,1365,2763.66015625,1571.661172161172,1,6000,4000
image_029,image_029_click_06,974,418,2048,1365,2854.48046875,1225.8736263736264,1,6000,4000
image_029,image_029_click_07,989,436,2048,1365,2898.42578125,1278.6208791208792,1,6000,4000
image_029,image_029_click_08,966,493,2048,1365,2831.04296875,1445.6538461538462,1,6000,4000
image_029,image_029_click_09,947,512,2048,1365,2775.37890625,1501.3315018315018,1,6000,4000
image_029,image_029_click_10,884,480,2048,1365,2590.80859375,1407.5586080586081,1,6000,4000
image_029,image_029_click_11,876,547,2048,1365,2567.37109375,1603.8956043956043,1,6000,4000
image_029,image_029_click_12,968,561,2048,1365,2836.90234375,1644.9212454212454,1,6000,4000
image_029,image_029_click_13,942,530,2048,1365,2760.73046875,1554.0787545787546,1,6000,4000
image_029,image_029_click_14,971,537,2048,1365,2845.69140625,1574.5915750915751,1,6000,4000
image_029,image_029_click_15,884,519,2048,1365,2590.80859375,1521.8443223443223,1,6000,4000
image_030,image_030_click_01,936,408,2048,1696,1986.361572265625,866.358195754717,1,4345,3599
image_030,image_030_click_02,994,1082,2048,1696,2109.413330078125,2296.6211674528304,1,4345,3599
image_030,image_030_click_03,994,1259,2048,1696,2109.413330078125,2672.224351415094,1,4345,3599
image_030,image_030_click_04,1386,1166,2048,1696,2941.073486328125,2474.873525943396,1,4345,3599
image_030,image_030_click_05,1207,1129,2048,1696,2561.310302734375,2396.3576061320755,1,4345,3599
image_030,image_030_click_06,988,1205,2048,1696,2096.683837890625,2557.633549528302,1,4345,3599
image_030,image_030_click_07,692,1251,2048,1696,1468.695556640625,2655.247936320755,1,4345,3599
image_030,image_030_click_08,1198,1010,2048,1696,2542.216064453125,2143.8334316037735,1,4345,3599
image_030,image_030_click_09,1005,1306,2048,1696,2132.750732421875,2771.9607900943397,1,4345,3599
image_030,image_030_click_10,1213,561,2048,1696,2574.039794921875,1191.0321344339623,1,4345,3599
image_030,image_030_click_11,880,397,2048,1696,1867.552978515625,843.015625,1,4345,3599
image_030,image_030_click_12,929,492,2048,1696,1971.510498046875,1044.610554245283,1,4345,3599
image_030,image_030_click_13,926,367,2048,1696,1965.145751953125,779.3540683962265,1,4345,3599
image_030,image_030_click_14,1026,1092,2048,1696,2177.303955078125,2317.841686320755,1,4345,3599
image_030,image_030_click_15,985,1182,2048,1696,2090.319091796875,2508.8263561320755,1,4345,3599
image_031,image_031_click_01,573,1580,1365,2048,1664.5406593406594,4587.426025390625,1,3963,5945
image_031,image_031_click_02,777,1672,1365,2048,2256.813186813187,4854.486572265625,1,3963,5945
image_031,image_031_click_03,379,1250,1365,2048,1101.3010989010988,3629.491455078125,1,3963,5945
image_031,image_031_click_04,245,617,1365,2048,712.2593406593406,1791.998779296875,1,3963,5945
image_031,image_031_click_05,77,1230,1365,2048,224.5054945054945,3571.434814453125,1,3963,5945
image_031,image_031_click_06,845,351,1365,2048,2454.237362637363,1019.845458984375,1,3963,5945
image_031,image_031_click_07,246,997,1365,2048,715.1626373626374,2895.074951171875,1,3963,5945
image_031,image_031_click_08,1114,1351,1365,2048,3235.2241758241757,3922.677490234375,1,3963,5945
image_031,image_031_click_09,276,1426,1365,2048,802.2615384615384,4140.389892578125,1,3963,5945
image_031,image_031_click_10,242,1373,1365,2048,703.5494505494505,3986.539794921875,1,3963,5945
image_031,image_031_click_11,807,1678,1365,2048,2343.912087912088,4871.903564453125,1,3963,5945
image_031,image_031_click_12,699,164,1365,2048,2030.356043956044,477.015869140625,1,3963,5945
image_031,image_031_click_13,351,1638,1365,2048,1020.0087912087912,4755.790283203125,1,3963,5945
image_031,image_031_click_14,1036,836,1365,2048,3008.767032967033,2427.718994140625,1,3963,5945
image_031,image_031_click_15,800,1708,1365,2048,2323.589010989011,4958.988525390625,1,3963,5945
image_032,image_032_click_01,562,576,2048,1365,1502.4296875,1540.212087912088,1,5472,3648
image_032,image_032_click_02,499,686,2048,1365,1334.1015625,1834.1901098901099,1,5472,3648
image_032,image_032_click_03,552,397,2048,1365,1475.7109375,1061.8296703296703,1,5472,3648
image_032,image_032_click_04,585,475,2048,1365,1563.8828125,1270.286813186813,1,5472,3648
image_032,image_032_click_05,604,333,2048,1365,1614.6484375,890.7879120879121,1,5472,3648
image_032,image_032_click_06,445,718,2048,1365,1189.8203125,1919.7109890109891,1,5472,3648
image_032,image_032_click_07,560,507,2048,1365,1497.0859375,1355.8076923076924,1,5472,3648
image_032,image_032_click_08,543,473,2048,1365,1451.6640625,1264.9417582417582,1,5472,3648
image_032,image_032_click_09,434,447,2048,1365,1160.4296875,1195.456043956044,1,5472,3648
image_032,image_032_click_10,426,681,2048,1365,1139.0546875,1820.8274725274725,1,5472,3648
image_032,image_032_click_11,476,442,2048,1365,1272.6484375,1182.0934065934066,1,5472,3648
image_032,image_032_click_12,469,400,2048,1365,1253.9453125,1069.8472527472527,1,5472,3648
image_032,image_032_click_13,391,884,2048,1365,1045.5390625,2363.3505494505494,1,5472,3648
image_032,image_032_click_14,485,380,2048,1365,1296.6953125,1016.3967032967033,1,5472,3648
image_032,image_032_click_15,433,767,2048,1365,1157.7578125,2050.664835164835,1,5472,3648
image_033,image_033_click_01,803,1422,1638,2048,980.5744810744811,1735.9501953125,1,2000,2500
image_033,image_033_click_02,805,1432,1638,2048,983.0164835164835,1748.1572265625,1,2000,2500
image_033,image_033_click_03,804,1440,1638,2048,981.7954822954823,1757.9228515625,1,2000,2500
image_033,image_033_click_04,795,1453,1638,2048,970.8064713064713,1773.7919921875,1,2000,2500
image_033,image_033_click_05,756,1436,1638,2048,923.1874236874237,1753.0400390625,1,2000,2500
image_033,image_033_click_06,769,1392,1638,2048,939.0604395604396,1699.3291015625,1,2000,2500
image_033,image_033_click_07,761,1376,1638,2048,929.2924297924297,1679.7978515625,1,2000,2500
image_033,image_033_click_08,813,1464,1638,2048,992.7844932844932,1787.2197265625,1,2000,2500
image_033,image_033_click_09,736,1430,1638,2048,898.7673992673992,1745.7158203125,1,2000,2500
image_033,image_033_click_10,751,1373,1638,2048,917.0824175824176,1676.1357421875,1,2000,2500
image_033,image_033_click_11,773,1417,1638,2048,943.9444444444445,1729.8466796875,1,2000,2500
image_033,image_033_click_12,789,1409,1638,2048,963.4804639804639,1720.0810546875,1,2000,2500
image_033,image_033_click_13,805,1430,1638,2048,983.0164835164835,1745.7158203125,1,2000,2500
image_033,image_033_click_14,796,1375,1638,2048,972.0274725274726,1678.5771484375,1,2000,2500
image_033,image_033_click_15,775,1412,1638,2048,946.3864468864468,1723.7431640625,1,2000,2500
image_034,image_034_click_01,376,1092,1365,2048,1023.3593406593407,2969.734375,1,3712,5568
image_034,image_034_click_02,400,1048,1365,2048,1088.6252747252747,2850.109375,1,3712,5568
image_034,image_034_click_03,358,1129,1365,2048,974.4098901098901,3070.328125,1,3712,5568
image_034,image_034_click_04,427,1066,1365,2048,1162.0494505494505,2899.046875,1,3712,5568
image_034,image_034_click_05,407,1081,1365,2048,1107.661172161172,2939.828125,1,3712,5568
image_034,image_034_click_06,434,1038,1365,2048,1181.0853479853479,2822.921875,1,3712,5568
image_034,image_034_click_07,428,1039,1365,2048,1164.7688644688644,2825.640625,1,3712,5568
image_034,image_034_click_08,400,1070,1365,2048,1088.6252747252747,2909.921875,1,3712,5568
image_034,image_034_click_09,399,1051,1365,2048,1085.9058608058608,2858.265625,1,3712,5568
image_034,image_034_click_10,377,1181,1365,2048,1026.0787545787546,3211.703125,1,3712,5568
image_034,image_034_click_11,404,1052,1365,2048,1099.5029304029304,2860.984375,1,3712,5568
image_034,image_034_click_12,397,1131,1365,2048,1080.467032967033,3075.765625,1,3712,5568
image_034,image_034_click_13,395,1050,1365,2048,1075.0282051282052,2855.546875,1,3712,5568
image_034,image_034_click_14,395,1044,1365,2048,1075.0282051282052,2839.234375,1,3712,5568
image_034,image_034_click_15,393,1141,1365,2048,1069.5893772893774,3102.953125,1,3712,5568
image_035,image_035_click_01,856,785,2048,1367,2515.46875,2307.1576444769566,1,6016,4016
image_035,image_035_click_02,860,779,2048,1367,2527.21875,2289.5307242136064,1,6016,4016
image_035,image_035_click_03,859,823,2048,1367,2524.28125,2418.794806144843,1,6016,4016
image_035,image_035_click_04,864,782,2048,1367,2538.96875,2298.3441843452815,1,6016,4016
image_035,image_035_click_05,857,795,2048,1367,2518.40625,2336.5358449158743,1,6016,4016
image_035,image_035_click_06,853,784,2048,1367,2506.65625,2304.2198244330652,1,6016,4016
image_035,image_035_click_07,841,787,2048,1367,2471.40625,2313.0332845647404,1,6016,4016
image_035,image_035_click_08,1219,1229,2048,1367,3581.78125,3611.5497439648866,1,6016,4016
image_035,image_035_click_09,1275,1195,2048,1367,3746.28125,3511.663862472568,1,6016,4016
image_035,image_035_click_10,871,791,2048,1367,2559.53125,2324.7845647403074,1,6016,4016
image_035,image_035_click_11,863,793,2048,1367,2536.03125,2330.6602048280906,1,6016,4016
image_035,image_035_click_12,854,805,2048,1367,2509.59375,2365.9140453547916,1,6016,4016
image_035,image_035_click_13,842,785,2048,1367,2474.34375,2307.1576444769566,1,6016,4016
image_035,image_035_click_14,859,780,2048,1367,2524.28125,2292.4685442574983,1,6016,4016
image_035,image_035_click_15,1232,1223,2048,1367,3619.96875,3593.9228237015363,1,6016,4016
image_036,image_036_click_01,977,791,2048,1365,2595.984375,2102.6285714285714,1,5440,3627
image_036,image_036_click_02,1057,612,2048,1365,2808.484375,1627.0,1,5440,3627
image_036,image_036_click_03,1055,890,2048,1365,2803.171875,2365.6857142857143,1,5440,3627
image_036,image_036_click_04,1062,712,2048,1365,2821.765625,1892.7142857142858,1,5440,3627
image_036,image_036_click_05,901,834,2048,1365,2394.109375,2216.885714285714,1,5440,3627
image_036,image_036_click_06,966,948,2048,1365,2566.765625,2519.8,1,5440,3627
image_036,image_036_click_07,957,772,2048,1365,2542.859375,2052.1428571428573,1,5440,3627
image_036,image_036_click_08,988,634,2048,1365,2625.203125,1685.4571428571428,1,5440,3627
image_036,image_036_click_09,1125,718,2048,1365,2989.109375,1908.6571428571428,1,5440,3627
image_036,image_036_click_10,1022,797,2048,1365,2715.515625,2118.5714285714284,1,5440,3627
image_036,image_036_click_11,970,689,2048,1365,2577.390625,1831.6,1,5440,3627
image_036,image_036_click_12,988,712,2048,1365,2625.203125,1892.7142857142858,1,5440,3627
image_036,image_036_click_13,986,779,2048,1365,2619.890625,2070.7428571428572,1,5440,3627
image_036,image_036_click_14,1064,846,2048,1365,2827.078125,2248.7714285714287,1,5440,3627
image_036,image_036_click_15,1059,883,2048,1365,2813.796875,2347.0857142857144,1,5440,3627
image_037,image_037_click_01,615,772,1279,2048,1249.7494136043783,1568.263427734375,1,2598,4159
image_037,image_037_click_02,575,810,1279,2048,1168.4984362783425,1645.432373046875,1,2598,4159
image_037,image_037_click_03,610,796,1279,2048,1239.593041438624,1617.001708984375,1,2598,4159
image_037,image_037_click_04,741,1287,1279,2048,1505.6899921813917,2614.105712890625,1,2598,4159
image_037,image_037_click_05,635,1077,1279,2048,1290.3749022673965,2187.645751953125,1,2598,4159
image_037,image_037_click_06,799,750,1279,2048,1623.503909304144,1523.586669921875,1,2598,4159
image_037,image_037_click_07,637,809,1279,2048,1294.4374511336982,1643.401611328125,1,2598,4159
image_037,image_037_click_08,718,1198,1279,2048,1458.970680218921,2433.367919921875,1,2598,4159
image_037,image_037_click_09,683,1167,1279,2048,1387.8760750586396,2370.414306640625,1,2598,4159
image_037,image_037_click_10,637,742,1279,2048,1294.4374511336982,1507.340576171875,1,2598,4159
image_037,image_037_click_11,667,703,1279,2048,1355.3756841282252,1428.140869140625,1,2598,4159
image_037,image_037_click_12,720,770,1279,2048,1463.0332290852227,1564.201904296875,1,2598,4159
image_037,image_037_click_13,611,663,1279,2048,1241.6243158717748,1346.910400390625,1,2598,4159
image_037,image_037_click_14,618,1072,1279,2048,1255.8432369038312,2177.491943359375,1,2598,4159
image_037,image_037_click_15,795,1244,1279,2048,1615.3788115715402,2526.782958984375,1,2598,4159
image_038,image_038_click_01,750,1107,1365,2048,2005.2318681318682,2958.6015625,1,3648,5472
image_038,image_038_click_02,698,1096,1365,2048,1866.2604395604396,2929.2109375,1,3648,5472
image_038,image_038_click_03,378,1049,1365,2048,1011.0516483516484,2803.6328125,1,3648,5472
image_038,image_038_click_04,736,1091,1365,2048,1967.8164835164835,2915.8515625,1,3648,5472
image_038,image_038_click_05,715,1076,1365,2048,1911.6934065934065,2875.7734375,1,3648,5472
image_038,image_038_click_06,719,1111,1365,2048,1922.3835164835166,2969.2890625,1,3648,5472
image_038,image_038_click_07,651,916,1365,2048,1740.6516483516484,2448.2734375,1,3648,5472
image_038,image_038_click_08,715,1104,1365,2048,1911.6934065934065,2950.5859375,1,3648,5472
image_038,image_038_click_09,786,1139,1365,2048,2101.442857142857,3044.1015625,1,3648,5472
image_038,image_038_click_10,381,1007,1365,2048,1019.0692307692308,2691.4140625,1,3648,5472
image_038,image_038_click_11,788,1129,1365,2048,2106.787912087912,3017.3828125,1,3648,5472
image_038,image_038_click_12,754,1129,1365,2048,2015.921978021978,3017.3828125,1,3648,5472
image_038,image_038_click_13,745,1151,1365,2048,1991.8692307692309,3076.1640625,1,3648,5472
image_038,image_038_click_14,746,1061,1365,2048,1994.5417582417583,2835.6953125,1,3648,5472
image_038,image_038_click_15,784,1073,1365,2048,2096.097802197802,2867.7578125,1,3648,5472
image_039,image_039_click_01,638,926,1628,2048,1349.8412162162163,1958.812255859375,1,3443,4331
image_039,image_039_click_02,734,1109,1628,2048,1552.8682432432433,2345.810791015625,1,3443,4331
image_039,image_039_click_03,646,952,1628,2048,1366.7601351351352,2013.795654296875,1,3443,4331
image_039,image_039_click_04,661,1012,1628,2048,1398.4831081081081,2140.680419921875,1,3443,4331
image_039,image_039_click_05,553,921,1628,2048,1170.0777027027027,1948.238525390625,1,3443,4331
image_039,image_039_click_06,543,965,1628,2048,1148.929054054054,2041.287353515625,1,3443,4331
image_039,image_039_click_07,648,1042,1628,2048,1370.9898648648648,2204.122802734375,1,3443,4331
image_039,image_039_click_08,740,943,1628,2048,1565.5574324324325,1994.762939453125,1,3443,4331
image_039,image_039_click_09,804,973,1628,2048,1700.9087837837837,2058.205322265625,1,3443,4331
image_039,image_039_click_10,633,966,1628,2048,1339.2668918918919,2043.402099609375,1,3443,4331
image_039,image_039_click_11,734,921,1628,2048,1552.8682432432433,1948.238525390625,1,3443,4331
image_039,image_039_click_12,696,928,1628,2048,1472.5033783783783,1963.041748046875,1,3443,4331
image_039,image_039_click_13,828,1028,1628,2048,1751.6655405405406,2174.516357421875,1,3443,4331
image_039,image_039_click_14,645,1042,1628,2048,1364.6452702702702,2204.122802734375,1,3443,4331
image_039,image_039_click_15,697,1013,1628,2048,1474.6182432432433,2142.795166015625,1,3443,4331
image_040,image_040_click_01,650,575,2048,1365,1905.26171875,1685.9468864468865,1,6000,4000
image_040,image_040_click_02,648,573,2048,1365,1899.40234375,1680.0860805860807,1,6000,4000
image_040,image_040_click_03,633,578,2048,1365,1855.45703125,1694.7380952380952,1,6000,4000
image_040,image_040_click_04,632,564,2048,1365,1852.52734375,1653.7124542124543,1,6000,4000
image_040,image_040_click_05,641,580,2048,1365,1878.89453125,1700.598901098901,1,6000,4000
image_040,image_040_click_06,637,573,2048,1365,1867.17578125,1680.0860805860807,1,6000,4000
image_040,image_040_click_07,638,578,2048,1365,1870.10546875,1694.7380952380952,1,6000,4000
image_040,image_040_click_08,641,564,2048,1365,1878.89453125,1653.7124542124543,1,6000,4000
image_040,image_040_click_09,653,562,2048,1365,1914.05078125,1647.8516483516485,1,6000,4000
image_040,image_040_click_10,640,568,2048,1365,1875.96484375,1665.434065934066,1,6000,4000
image_040,image_040_click_11,639,576,2048,1365,1873.03515625,1688.8772893772893,1,6000,4000
image_040,image_040_click_12,653,562,2048,1365,1914.05078125,1647.8516483516485,1,6000,4000
image_040,image_040_click_13,651,576,2048,1365,1908.19140625,1688.8772893772893,1,6000,4000
image_040,image_040_click_14,660,564,2048,1365,1934.55859375,1653.7124542124543,1,6000,4000
image_040,image_040_click_15,636,584,2048,1365,1864.24609375,1712.320512820513,1,6000,4000
